epoch,train_accuracy,val_accuracy,train_loss,val_loss,learning_rate,epoch_time_sec
1,0.7473999857902527,0.9571999907493591,0.8066396117210388,0.15493455529212952,0.009999999776482582,10.766209363937378
2,0.9308727383613586,0.9693999886512756,0.23366084694862366,0.09696837514638901,0.009999999776482582,12.054764032363892
3,0.9495636224746704,0.9778000116348267,0.1673930585384369,0.0708799958229065,0.009999999776482582,9.12559986114502
4,0.9589272737503052,0.9778000116348267,0.1361687034368515,0.0648425817489624,0.009999999776482582,13.541787385940552
5,0.9639090895652771,0.9818000197410583,0.11924650520086288,0.05724247545003891,0.009999999776482582,8.375283002853394
6,0.9661454558372498,0.9861999750137329,0.10861379653215408,0.04722406342625618,0.009999999776482582,8.21357798576355
7,0.9695272445678711,0.9829999804496765,0.0990910679101944,0.049556124955415726,0.009999999776482582,13.608156681060791
8,0.9721817970275879,0.9864000082015991,0.09120170772075653,0.0435943529009819,0.009999999776482582,8.405524253845215
9,0.9728000164031982,0.984000027179718,0.08824022859334946,0.04871978238224983,0.009999999776482582,8.085378646850586
10,0.9751272797584534,0.9868000149726868,0.08288073539733887,0.041617292910814285,0.009999999776482582,13.981613874435425
11,0.9756545424461365,0.9872000217437744,0.07776440680027008,0.040996238589286804,0.009999999776482582,14.412458658218384
12,0.9761090874671936,0.9882000088691711,0.0770917683839798,0.03997521474957466,0.009999999776482582,15.416319131851196
13,0.9772909283638,0.9886000156402588,0.07165497541427612,0.038954734802246094,0.009999999776482582,15.436719417572021
14,0.9794727563858032,0.9887999892234802,0.06772314757108688,0.03766581788659096,0.009999999776482582,15.934908866882324
15,0.9792909026145935,0.9891999959945679,0.06743138283491135,0.03092741034924984,0.009999999776482582,16.2934353351593
16,0.9824000000953674,0.9904000163078308,0.058137960731983185,0.030167123302817345,0.0010000000474974513,10.037158966064453
17,0.9837818145751953,0.9905999898910522,0.0531754232943058,0.029524926096200943,0.0010000000474974513,16.33631181716919
18,0.9834181666374207,0.9908000230789185,0.052481960505247116,0.02989344857633114,0.0010000000474974513,15.80773138999939
19,0.9831091165542603,0.9908000230789185,0.052692022174596786,0.029651274904608727,0.0010000000474974513,16.76017928123474
20,0.9839090704917908,0.9914000034332275,0.051028817892074585,0.0293692909181118,0.0010000000474974513,9.871156215667725
21,0.9836545586585999,0.9914000034332275,0.052692245692014694,0.029260363429784775,0.0010000000474974513,9.731977224349976
22,0.9839272499084473,0.9908000230789185,0.05155593529343605,0.030381429940462112,0.0010000000474974513,16.895819664001465
23,0.9842000007629395,0.9908000230789185,0.0502484068274498,0.029952989891171455,0.0010000000474974513,10.708365678787231
24,0.9846909046173096,0.9911999702453613,0.0514184907078743,0.029191626235842705,0.0010000000474974513,10.615615606307983
25,0.9853636622428894,0.9914000034332275,0.04939650744199753,0.029069863259792328,9.999999747378752e-05,10.720329999923706
26,0.984818160533905,0.9905999898910522,0.049586907029151917,0.02935897745192051,9.999999747378752e-05,21.98284363746643
27,0.9845272898674011,0.9905999898910522,0.050267644226551056,0.029097873717546463,9.999999747378752e-05,11.128241300582886
28,0.9842363595962524,0.9905999898910522,0.050569552928209305,0.029320906847715378,9.999999747378752e-05,11.15816354751587
29,0.9849272966384888,0.9905999898910522,0.049187809228897095,0.02917584218084812,9.999999747378752e-05,14.32070279121399
30,0.9853636622428894,0.9908000230789185,0.04703277349472046,0.02939641661942005,9.999999747378752e-05,11.988941431045532
